no,period,period_from_filename,cctv_id,overlay_date,overlay_time,timestamp_wib,ruas,video_file,selected_frame_path,selected_frame_second,selected_frame_file,location_type,location_text,km_text,km_decimal,manual_status,filename_parse_status,notes,camera_label,camera_key
1,malam,malam,cctv_001,2026-05-18,00:37:25,2026-05-18 00:37:25,Jakarta-Tangerang,malam_cctv_001_20260518_003725.mp4,frames\malam\malam_cctv_001_20260518_003725_frame_3s.jpg,3,malam_cctv_001_20260518_003725_frame_3s.jpg,gate,GT MERUYA 2B,,,valid,valid,,GT MERUYA 2B,jakarta-tangerang_gate_gt_meruya_2b
2,malam,malam,cctv_002,2026-05-18,00:39:09,2026-05-18 00:39:09,Jakarta-Tangerang,malam_cctv_002_20260518_003909.mp4,frames\malam\malam_cctv_002_20260518_003909_frame_3s.jpg,3,malam_cctv_002_20260518_003909_frame_3s.jpg,km,KM 04+600,04+600,4.6,valid,valid,,KM 04+600,jakarta-tangerang_km_km_04plus600
3,malam,malam,cctv_003,2026-05-18,00:40:22,2026-05-18 00:40:22,Jakarta-Tangerang,malam_cctv_003_20260518_004022.mp4,frames\malam\malam_cctv_003_20260518_004022_frame_3s.jpg,3,malam_cctv_003_20260518_004022_frame_3s.jpg,km,KM 11+600,11+600,11.6,valid,valid,,KM 11+600,jakarta-tangerang_km_km_11plus600
4,malam,malam,cctv_004,2026-05-18,00:40:58,2026-05-18 00:40:58,Jakarta-Tangerang,malam_cctv_004_20260518_004058.mp4,frames\malam\malam_cctv_004_20260518_004058_frame_3s.jpg,3,malam_cctv_004_20260518_004058_frame_3s.jpg,km,KM 00+600,00+600,0.6,valid,valid,,KM 00+600,jakarta-tangerang_km_km_00plus600
5,malam,malam,cctv_005,2026-05-18,00:43:57,2026-05-18 00:43:57,Jakarta-Tangerang,malam_cctv_005_20260518_004357.mp4,frames\malam\malam_cctv_005_20260518_004357_frame_3s.jpg,3,malam_cctv_005_20260518_004357_frame_3s.jpg,km,KM 13+600,13+600,13.6,valid,valid,,KM 13+600,jakarta-tangerang_km_km_13plus600
6,malam,malam,cctv_006,2026-05-18,03:38:52,2026-05-18 03:38:52,Jakarta-Tangerang,malam_cctv_006_20260518_033852.mp4,frames\malam\malam_cctv_006_20260518_033852_frame_3s.jpg,3,malam_cctv_006_20260518_033852_frame_3s.jpg,km,KM 25+500,25+500,25.5,valid,valid,,KM 25+500,jakarta-tangerang_km_km_25plus500
7,malam,malam,cctv_007,2026-05-18,03:31:46,2026-05-18 03:31:46,Jakarta-Tangerang,malam_cctv_007_20260518_033146.mp4,frames\malam\malam_cctv_007_20260518_033146_frame_3s.jpg,3,malam_cctv_007_20260518_033146_frame_3s.jpg,km,KM 17+500,17+500,17.5,valid,valid,,KM 17+500,jakarta-tangerang_km_km_17plus500
8,malam,malam,cctv_008,2026-05-18,00:45:04,2026-05-18 00:45:04,Jakarta-Tangerang,malam_cctv_008_20260518_004504.mp4,frames\malam\malam_cctv_008_20260518_004504_frame_3s.jpg,3,malam_cctv_008_20260518_004504_frame_3s.jpg,km,KM 07+200,07+200,7.2,valid,valid,,KM 07+200,jakarta-tangerang_km_km_07plus200
9,malam,malam,cctv_009,2026-05-18,00:45:24,2026-05-18 00:45:24,Jakarta-Tangerang,malam_cctv_009_20260518_004524.mp4,frames\malam\malam_cctv_009_20260518_004524_frame_3s.jpg,3,malam_cctv_009_20260518_004524_frame_3s.jpg,km,KM 10+600,10+600,10.6,valid,valid,,KM 10+600,jakarta-tangerang_km_km_10plus600
10,malam,malam,cctv_010,2026-05-18,00:45:48,2026-05-18 00:45:48,Jakarta-Tangerang,malam_cctv_010_20260518_004548.mp4,frames\malam\malam_cctv_010_20260518_004548_frame_3s.jpg,3,malam_cctv_010_20260518_004548_frame_3s.jpg,km,KM 19+300,19+300,19.3,valid,valid,,KM 19+300,jakarta-tangerang_km_km_19plus300
11,malam,malam,cctv_011,2026-05-18,00:49:00,2026-05-18 00:49:00,Jakarta-Tangerang,malam_cctv_011_20260518_004900.mp4,frames\malam\malam_cctv_011_20260518_004900_frame_3s.jpg,3,malam_cctv_011_20260518_004900_frame_3s.jpg,km,KM 17+500,17+500,17.5,valid,valid,,KM 17+500,jakarta-tangerang_km_km_17plus500
12,malam,malam,cctv_012,2026-05-18,03:29:29,2026-05-18 03:29:29,Jakarta-Tangerang,malam_cctv_012_20260518_032929.mp4,frames\malam\malam_cctv_012_20260518_032929_frame_3s.jpg,3,malam_cctv_012_20260518_032929_frame_3s.jpg,km,KM 00+600,00+600,0.6,valid,valid,,KM 00+600,jakarta-tangerang_km_km_00plus600
13,malam,malam,cctv_013,2026-05-18,03:31:06,2026-05-18 03:31:06,Jakarta-Tangerang,malam_cctv_013_20260518_033106.mp4,frames\malam\malam_cctv_013_20260518_033106_frame_3s.jpg,3,malam_cctv_013_20260518_033106_frame_3s.jpg,gate,GT MERUYA 2B,,,valid,valid,,GT MERUYA 2B,jakarta-tangerang_gate_gt_meruya_2b
14,malam,malam,cctv_014,2026-05-18,03:31:16,2026-05-18 03:31:16,Jakarta-Tangerang,malam_cctv_014_20260518_033116.mp4,frames\malam\malam_cctv_014_20260518_033116_frame_3s.jpg,3,malam_cctv_014_20260518_033116_frame_3s.jpg,km,KM 07+200,07+200,7.2,valid,valid,,KM 07+200,jakarta-tangerang_km_km_07plus200
15,malam,malam,cctv_015,2026-05-18,03:32:41,2026-05-18 03:32:41,Jakarta-Tangerang,malam_cctv_015_20260518_033241.mp4,frames\malam\malam_cctv_015_20260518_033241_frame_3s.jpg,3,malam_cctv_015_20260518_033241_frame_3s.jpg,km,KM 11+600,11+600,11.6,valid,valid,,KM 11+600,jakarta-tangerang_km_km_11plus600
16,malam,malam,cctv_016,2026-05-18,03:35:44,2026-05-18 03:35:44,Jakarta-Tangerang,malam_cctv_016_20260518_033544.mp4,frames\malam\malam_cctv_016_20260518_033544_frame_3s.jpg,3,malam_cctv_016_20260518_033544_frame_3s.jpg,km,KM 13+600,13+600,13.6,valid,valid,,KM 13+600,jakarta-tangerang_km_km_13plus600
17,malam,malam,cctv_017,2026-05-18,03:38:42,2026-05-18 03:38:42,Jakarta-Tangerang,malam_cctv_017_20260518_033842.mp4,frames\malam\malam_cctv_017_20260518_033842_frame_3s.jpg,3,malam_cctv_017_20260518_033842_frame_3s.jpg,km,KM 19+300,19+300,19.3,valid,valid,,KM 19+300,jakarta-tangerang_km_km_19plus300
18,pagi,pagi,cctv_001,2026-05-18,07:09:35,2026-05-18 07:09:35,Jakarta-Tangerang,pagi_cctv_001_20260518_070935.mp4,frames\pagi\pagi_cctv_001_20260518_070935_frame_3s.jpg,3,pagi_cctv_001_20260518_070935_frame_3s.jpg,km,KM 00+600,00+600,0.6,valid,valid,,KM 00+600,jakarta-tangerang_km_km_00plus600
19,pagi,pagi,cctv_002,2026-05-18,07:09:54,2026-05-18 07:09:54,Jakarta-Tangerang,pagi_cctv_002_20260518_070954.mp4,frames\pagi\pagi_cctv_002_20260518_070954_frame_3s.jpg,3,pagi_cctv_002_20260518_070954_frame_3s.jpg,gate,GT MERUYA 2B,,,valid,valid,,GT MERUYA 2B,jakarta-tangerang_gate_gt_meruya_2b
20,pagi,pagi,cctv_003,2026-05-18,07:10:57,2026-05-18 07:10:57,Jakarta-Tangerang,pagi_cctv_003_20260518_071057.mp4,frames\pagi\pagi_cctv_003_20260518_071057_frame_3s.jpg,3,pagi_cctv_003_20260518_071057_frame_3s.jpg,km,KM 10+600,10+600,10.6,valid,valid,,KM 10+600,jakarta-tangerang_km_km_10plus600
21,pagi,pagi,cctv_004,2026-05-18,07:13:56,2026-05-18 07:13:56,Jakarta-Tangerang,pagi_cctv_004_20260518_071356.mp4,frames\pagi\pagi_cctv_004_20260518_071356_frame_3s.jpg,3,pagi_cctv_004_20260518_071356_frame_3s.jpg,km,KM 07+200,07+200,7.2,valid,valid,,KM 07+200,jakarta-tangerang_km_km_07plus200
22,pagi,pagi,cctv_005,2026-05-18,07:23:12,2026-05-18 07:23:12,Jakarta-Tangerang,pagi_cctv_005_20260518_072312.mp4,frames\pagi\pagi_cctv_005_20260518_072312_frame_3s.jpg,3,pagi_cctv_005_20260518_072312_frame_3s.jpg,km,KM 04+600,04+600,4.6,valid,valid,,KM 04+600,jakarta-tangerang_km_km_04plus600
23,pagi,pagi,cctv_006,2026-05-18,07:14:50,2026-05-18 07:14:50,Jakarta-Tangerang,pagi_cctv_006_20260518_071450.mp4,frames\pagi\pagi_cctv_006_20260518_071450_frame_3s.jpg,3,pagi_cctv_006_20260518_071450_frame_3s.jpg,km,KM 15+500,15+500,15.5,valid,valid,,KM 15+500,jakarta-tangerang_km_km_15plus500
24,pagi,pagi,cctv_007,2026-05-16,07:26:12,2026-05-16 07:26:12,Jakarta-Tangerang,pagi_cctv_007_20260516_072612.mp4,frames\pagi\pagi_cctv_007_20260516_072612_frame_3s.jpg,3,pagi_cctv_007_20260516_072612_frame_3s.jpg,km,KM 11+600,11+600,11.6,valid,valid,,KM 11+600,jakarta-tangerang_km_km_11plus600
25,pagi,pagi,cctv_008,2026-05-18,07:15:56,2026-05-18 07:15:56,Jakarta-Tangerang,pagi_cctv_008_20260518_071556.mp4,frames\pagi\pagi_cctv_008_20260518_071556_frame_3s.jpg,3,pagi_cctv_008_20260518_071556_frame_3s.jpg,km,KM 04+600,04+600,4.6,valid,valid,,KM 04+600,jakarta-tangerang_km_km_04plus600
26,pagi,pagi,cctv_009,2026-05-18,07:16:25,2026-05-18 07:16:25,Jakarta-Tangerang,pagi_cctv_009_20260518_071625.mp4,frames\pagi\pagi_cctv_009_20260518_071625_frame_3s.jpg,3,pagi_cctv_009_20260518_071625_frame_3s.jpg,km,KM 11+600,11+600,11.6,valid,valid,,KM 11+600,jakarta-tangerang_km_km_11plus600
27,pagi,pagi,cctv_010,2026-05-18,07:20:24,2026-05-18 07:20:24,Jakarta-Tangerang,pagi_cctv_010_20260518_072024.mp4,frames\pagi\pagi_cctv_010_20260518_072024_frame_3s.jpg,3,pagi_cctv_010_20260518_072024_frame_3s.jpg,km,KM 00+600,00+600,0.6,valid,valid,,KM 00+600,jakarta-tangerang_km_km_00plus600
28,pagi,pagi,cctv_011,2026-05-18,07:22:13,2026-05-18 07:22:13,Jakarta-Tangerang,pagi_cctv_011_20260518_072213.mp4,frames\pagi\pagi_cctv_011_20260518_072213_frame_3s.jpg,3,pagi_cctv_011_20260518_072213_frame_3s.jpg,gate,GT MERUYA 2B,,,valid,valid,,GT MERUYA 2B,jakarta-tangerang_gate_gt_meruya_2b
29,pagi,pagi,cctv_012,2026-05-18,07:22:37,2026-05-18 07:22:37,Jakarta-Tangerang,pagi_cctv_012_20260518_072237.mp4,frames\pagi\pagi_cctv_012_20260518_072237_frame_3s.jpg,3,pagi_cctv_012_20260518_072237_frame_3s.jpg,km,KM 07+200,07+200,7.2,valid,valid,,KM 07+200,jakarta-tangerang_km_km_07plus200
30,pagi,pagi,cctv_013,2026-05-18,07:22:49,2026-05-18 07:22:49,Jakarta-Tangerang,pagi_cctv_013_20260518_072249.mp4,frames\pagi\pagi_cctv_013_20260518_072249_frame_3s.jpg,3,pagi_cctv_013_20260518_072249_frame_3s.jpg,km,KM 15+500,15+500,15.5,valid,valid,,KM 15+500,jakarta-tangerang_km_km_15plus500
31,pagi,pagi,cctv_014,2026-05-18,07:22:55,2026-05-18 07:22:55,Jakarta-Tangerang,pagi_cctv_014_20260518_072255.mp4,frames\pagi\pagi_cctv_014_20260518_072255_frame_3s.jpg,3,pagi_cctv_014_20260518_072255_frame_3s.jpg,km,KM 17+500,17+500,17.5,valid,valid,,KM 17+500,jakarta-tangerang_km_km_17plus500
32,pagi,pagi,cctv_015,2026-05-18,07:27:03,2026-05-18 07:27:03,Jakarta-Tangerang,pagi_cctv_015_20260518_072703.mp4,frames\pagi\pagi_cctv_015_20260518_072703_frame_3s.jpg,3,pagi_cctv_015_20260518_072703_frame_3s.jpg,km,KM 19+300,19+300,19.3,valid,valid,,KM 19+300,jakarta-tangerang_km_km_19plus300
33,pagi,pagi,cctv_016,2026-05-18,07:29:24,2026-05-18 07:29:24,Jakarta-Tangerang,pagi_cctv_016_20260518_072924.mp4,frames\pagi\pagi_cctv_016_20260518_072924_frame_3s.jpg,3,pagi_cctv_016_20260518_072924_frame_3s.jpg,km,KM 25+500,25+500,25.5,valid,valid,,KM 25+500,jakarta-tangerang_km_km_25plus500
34,siang,siang,cctv_001,2026-05-18,16:39:06,2026-05-18 16:39:06,Jakarta-Tangerang,siang_cctv_001_20260518_163906.mp4,frames\siang\siang_cctv_001_20260518_163906_frame_3s.jpg,3,siang_cctv_001_20260518_163906_frame_3s.jpg,km,KM 04+600,04+600,4.6,valid,valid,,KM 04+600,jakarta-tangerang_km_km_04plus600
35,siang,siang,cctv_002,2026-05-18,16:48:44,2026-05-18 16:48:44,Jakarta-Tangerang,siang_cctv_002_20260518_164844.mp4,frames\siang\siang_cctv_002_20260518_164844_frame_3s.jpg,3,siang_cctv_002_20260518_164844_frame_3s.jpg,km,KM 15+500,15+500,15.5,valid,valid,,KM 15+500,jakarta-tangerang_km_km_15plus500
36,siang,siang,cctv_003,2026-05-18,16:59:21,2026-05-18 16:59:21,Jakarta-Tangerang,siang_cctv_003_20260518_165921.mp4,frames\siang\siang_cctv_003_20260518_165921_frame_3s.jpg,3,siang_cctv_003_20260518_165921_frame_3s.jpg,km,KM 10+600,10+600,10.6,valid,valid,,KM 10+600,jakarta-tangerang_km_km_10plus600
37,siang,siang,cctv_004,2026-05-18,17:06:59,2026-05-18 17:06:59,Jakarta-Tangerang,siang_cctv_004_20260518_170659.mp4,frames\siang\siang_cctv_004_20260518_170659_frame_3s.jpg,3,siang_cctv_004_20260518_170659_frame_3s.jpg,km,KM 13+600,13+600,13.6,valid,valid,,KM 13+600,jakarta-tangerang_km_km_13plus600
38,siang,siang,cctv_005,2026-05-18,17:14:25,2026-05-18 17:14:25,Jakarta-Tangerang,siang_cctv_005_20260518_171425.mp4,frames\siang\siang_cctv_005_20260518_171425_frame_3s.jpg,3,siang_cctv_005_20260518_171425_frame_3s.jpg,km,KM 07+200,07+200,7.2,valid,valid,,KM 07+200,jakarta-tangerang_km_km_07plus200
39,siang,siang,cctv_006,2026-05-18,16:16:10,2026-05-18 16:16:10,Jakarta-Tangerang,siang_cctv_006_20260518_161610.mp4,frames\siang\siang_cctv_006_20260518_161610_frame_3s.jpg,3,siang_cctv_006_20260518_161610_frame_3s.jpg,km,KM 07+200,07+200,7.2,valid,valid,,KM 07+200,jakarta-tangerang_km_km_07plus200
40,siang,siang,cctv_007,2026-05-18,16:04:52,2026-05-18 16:04:52,Jakarta-Tangerang,siang_cctv_007_20260518_160452.mp4,frames\siang\siang_cctv_007_20260518_160452_frame_3s.jpg,3,siang_cctv_007_20260518_160452_frame_3s.jpg,km,KM 07+200,07+200,7.2,valid,valid,,KM 07+200,jakarta-tangerang_km_km_07plus200
41,siang,siang,cctv_008,2026-05-18,15:19:34,2026-05-18 15:19:34,Jakarta-Tangerang,siang_cctv_008_20260518_151934.mp4,frames\siang\siang_cctv_008_20260518_151934_frame_3s.jpg,3,siang_cctv_008_20260518_151934_frame_3s.jpg,km,KM 07+200,07+200,7.2,valid,valid,,KM 07+200,jakarta-tangerang_km_km_07plus200
